market,location
us,new york
us,chicago
us,houston
us,seattle
us,denver
us,san diego
us,austin
us,los angeles
us,miami
us,boston
us,philadelphia
us,portland
us,san antonio
us,atlanta
us,dallas
us,san francisco
us,las vegas
us,nashville
us,minneapolis
us,albuquerque
us,tucson
us,phoenix
us,san jose
us,charlotte
us,sacramento
us,jacksonville
us,baltimore
us,indianapolis
us,omaha
us,columbus
us,oakland
us,louisville
us,new orleans
us,raleigh
us,colorado springs
us,cleveland
us,el paso
us,tulsa
us,memphis
us,milwaukee
us,fresno
us,long beach
us,detroit
us,virginia beach
us,wichita
us,kansas city
us,washington
us,angeles
us,fort
us,francisco
us,long island
us,mesa
us,oklahoma
us,palm beach
us,virginia
sa,Dubai
sa,Riyadh
jp,Kobe
jp,Osaka
jp,Tokyo
jp,Yokosuka
gb,london
gb,manchester
gb,glasgow
gb,edinburgh
gb,liverpool
gb,bristol
gb,leeds
gb,birmingham
gb,derby
gb,aberdeen
gb,belfast
gb,wigan
gb,nottingham
gb,sheffield
gb,portsmouth
gb,croydon
gb,milton keynes
gb,blackpool
gb,bradford
gb,cardiff
gb,coventry
gb,ipswich
gb,keynes
gb,leicester
gb,luton
gb,milton
gb,newcastle
gb,northampton
gb,norwich
gb,oxford
gb,plymouth
gb,southampton
gb,swansea
gb,swindon
gb,wolverhampton
fr-be-lu,mulhouse
fr-be-lu,rouen
fr-be-lu,argenteuil
fr-be-lu,metz
fr-be-lu,angers
fr-be-lu,clermont
fr-be-lu,dijon
fr-be-lu,brest
fr-be-lu,boulogne billancourt
fr-be-lu,mans
fr-be-lu,aulnay
fr-be-lu,saint etienne
fr-be-lu,saint denis
fr-be-lu,creteil
fr-be-lu,montpellier
fr-be-lu,nice
fr-be-lu,toulon
fr-be-lu,avignon
fr-be-lu,reims
fr-be-lu,nimes
fr-be-lu,limoges
fr-be-lu,aix
fr-be-lu,toulouse
fr-be-lu,roubaix
fr-be-lu,nancy
fr-be-lu,nanterre
fr-be-lu,lille
fr-be-lu,perpignan
fr-be-lu,amiens
fr-be-lu,havre
fr-be-lu,strasbourg
fr-be-lu,marseille
fr-be-lu,villeurbanne
fr-be-lu,besancon
fr-be-lu,nantes
fr-be-lu,tours
fr-be-lu,orleans
fr-be-lu,grenoble
fr-be-lu,lyon
fr-be-lu,paris
fr-be-lu,vitry
fr-be-lu,versailles
fr-be-lu,asnieres
fr-be-lu,poitiers
fr-be-lu,aubervilliers
fr-be-lu,rennes
fr-be-lu,tourcoing
fr-be-lu,bordeaux
fr-be-lu,montreuil
fr-be-lu,caen
es,valencia
es,sevilla
es,barcelona
es,palma de mallorca
es,la laguna
es,dos hermanas
es,elche
es,marbella
es,getafe
es,badajoz
es,sabadell
es,málaga
es,fuenlabrada
es,las palmas de gran canaria
es,córdoba
es,salamanca
es,terrassa
es,badalona
es,lleida
es,vitoria
es,almería
es,alcorcón
es,santander
es,hospitalet
es,logroño
es,huelva
es,móstoles
es,bilbao
es,murcia
es,valladolid
es,vigo
es,tarragona
es,leganés
es,alicante
es,alcalá
es,pamplona
es,jerez
es,san sebastián
es,oviedo
es,granada
es,zaragoza
es,tenerife
es,parla
es,albacete
es,castellón
es,burgos
es,madrid
es,cartagena
es,gijón
es,a coruña
es,coruña
es,palma
de-at,hamburg
de-at,berlin
de-at,köln
de-at,düsseldorf
de-at,essen
de-at,neuss
de-at,mönchengladbach
de-at,konstanz
de-at,bremen
de-at,hannover
de-at,bonn
de-at,tulln
de-at,bielefeld
de-at,nürnberg
de-at,heiligenhaus
de-at,schwechat
de-at,schwalbach-am-taunus
de-at,offenburg
de-at,pullach-im-isartal
de-at,ergolding
de-at,paderborn
de-at,meerbusch
de-at,leipzig
de-at,göttingen
de-at,leverkusen
de-at,vienna
de-at,graz
de-at,altenholz
de-at,karlsfeld
de-at,regensburg
de-at,augsburg
de-at,ansfelden
de-at,friedrichsdorf
de-at,baden-baden
de-at,wolfsberg
de-at,pforzheim
de-at,löhne
de-at,bestensee
de-at,linz
de-at,ravensburg
de-at,garmisch-partenkirchen
de-at,wittichenau
de-at,witten
de-at,walldorf
de-at,lübeck
de-at,ostfildern
de-at,bruchmühlbach-miesau
de-at,kranenburg
de-at,kropp
de-at,dortmund
de-at,sankt-augustin
de-at,frankfurt-am-main
de-at,landsberg-am-lech
de-at,menden
de-at,karlsruhe
de-at,heidelberg
de-at,villach
de-at,bassum
de-at,rheinfelden-baden
de-at,langen
de-at,frankfurt-oder
de-at,biberach-an-der-riß
de-at,ingolstadt
de-at,braunschweig
de-at,freiburg
de-at,schnaittach
de-at,halle-saale
de-at,kaufungen
de-at,wennigsen
de-at,saarlouis
de-at,hanau-am-main
de-at,hamm
de-at,saarbrücken
de-at,erkelenz
de-at,leonding
de-at,wiesbaden
de-at,regen
de-at,oldenburg
de-at,bochum
de-at,herne
de-at,büren
de-at,fürth
de-at,kassel
de-at,neumünster
de-at,lollar
de-at,duisburg
de-at,vaals
de-at,babenhausen
de-at,senden
de-at,hildesheim
de-at,idar-oberstein
de-at,überlingen
de-at,bergisch-gladbach
de-at,maintal
de-at,chemnitz
de-at,recklinghausen
de-at,mödling
de-at,klosterneuburg
de-at,wiener-neustadt
de-at,darmstadt
de-at,olpe
de-at,ismaning
de-at,rheinstetten
de-at,munster
de-at,moers
de-at,erlangen
de-at,aachen
de-at,bottrop
de-at,spenge
de-at,nürtingen
de-at,seeheim-jugenheim
de-at,münster
de-at,erfurt
de-at,reichertshofen
de-at,ludwigshafen-am-rhein
de-at,gelsenkirchen
de-at,mannheim
de-at,waldheim
de-at,potsdam
de-at,magdeburg
de-at,moosburg
de-at,bremerhaven
de-at,kapfenberg
de-at,meissen
de-at,taunusstein
de-at,frechen
de-at,würzburg
de-at,kiel
de-at,mindelheim
de-at,michendorf
de-at,emsdetten
de-at,herdecke
de-at,hürth
de-at,simmern
de-at,zwickau
de-at,zweibrücken
de-at,cremlingen
de-at,innsbruck
de-at,mainz
de-at,ettlingen
de-at,amstetten
de-at,memmingen
de-at,erkrath
de-at,hallein
de-at,stockerau
de-at,lingenfeld
de-at,leoben
de-at,fulda
de-at,oberschleißheim
de-at,lustenau
de-at,hilden
de-at,offenbach
de-at,treuenbrietzen
de-at,alpirsbach
de-at,gera
de-at,monheim-am-rhein
de-at,bietigheim-bissingen
de-at,munich
de-at,cottbus
de-at,dresden
de-at,kufstein
de-at,hohenems
de-at,luckau
de-at,oberding
de-at,wallenhorst
de-at,heilbronn
de-at,rostock
de-at,oberhausen
de-at,heuchelheim
de-at,bayreuth
de-at,traiskirchen
de-at,bad-oeynhausen
de-at,weißenhorn
de-at,wels
de-at,pulheim
de-at,unna
de-at,bitburg
de-at,ramstein-miesenbach
de-at,osnabrück
de-at,morbach
de-at,reutlingen
de-at,stuttgart
de-at,schelklingen
de-at,bad-könig
de-at,odenthal
de-at,taufkirchen
de-at,dornbirn
de-at,wolfsburg
de-at,herzogenaurach
de-at,friedrichshafen
de-at,bamberg
de-at,bregenz
de-at,simbach-am-inn
de-at,heide
de-at,salzburg
de-at,forchheim
de-at,starnberg
de-at,sankt-leon-rot
de-at,düren
de-at,sankt-pölten
de-at,siegen
de-at,krefeld
de-at,unterschleißheim
ca,toronto
ca,calgary
ca,vancouver
ca,edmonton
ca,mississauga
ca,richmond
ca,windsor
ca,kelowna
ca,halifax
ca,burlington
ca,cambridge
ca,ottawa
ca,brampton
ca,etobicoke
ca,hamilton
ca,laval
ca,oakville
ca,quebec
ca,saskatoon
ca,scarborough
ca,surrey
ca,victoria
ca,winnipeg
aus-nzl,melbourne
aus-nzl,sydney
aus-nzl,orange
