subject_localised_id,subject_localised,language
272ccb8592bafde0baf1dedce0fd3ac2,Arabic,eng
a56dcb8443c25f8e14b47b8ff1748331,Bengali,eng
0c1be09bad2acaa2fa315b88abda8a32,Croatian,eng
83ff4480cdf2900ae83bf30d95774d76,Czech,eng
78463a384a5aa4fad5fa73e2f506ecfc,English,eng
ad225f707802ba118c22987186dd38e8,French,eng
4c545ca25c8a34a533be19e7a1c44a79,Icelandic,eng
2cfce796f4703d560ae1c3a1b3fb7e74,Irish,eng
9f564ebabc9cf0b9589b4ecf6228379a,Khmer,eng
76c06512227f8cd467f0008c8ec68f39,Mandarin,eng
41171a0fcd362ce98b5f0f11398713b6,Swedish,eng
fee973126d42389ac96082e9ca6961fa,Tagalog,eng
c1612bbdebfa45467e8ab814e08daff1,Turkish,eng
a24b0301a393ac7426cc2c7cd9c848d0,كرواتية,ara
004294cb82bb620ff5934816bd6a124a,هولندية,ara
d38922555bcd5d7d0c44e5996a4b1260,فنلندية,ara
8f74eddee6ca95c5d81ba8aaca78ef50,أحياء,ara
86bc3115eb4e9873ac96904a4a68e19e,German,eng
4be8e06d27bca7e1828f2fa9a49ca985,Italian,eng
30e32c7c4cf434e9c75e60c14c442541,Portuguese,eng
4994a8ffeba4ac3140beb89e8d41f174,Language,eng
50ae99e9c35446c2580e4b540b0fd104,Physics,eng
8af670b318fee883740d248df3f26c86,دنماركية,ara
9b0001686878d023b24e784ac95a29f2,سنسكريتية,ara
7d8fd21e770b9f0fd6f9f78e30fc640c,Tibetano,por
b3e015bf50224e0d62c1f135eaf19641,Tchèque,fre
76c06512227f8cd467f0008c8ec68f39,Mandarin,ger
e78a6fc14ad64f7a78386b20568ce95b,Ukrainian,eng
7b80fae85640c16cdb0261bef0c27636,Vietnamese,eng
45c3171ef193c74b402f407fba9d955b,Hindi,eng
c91fcc8ede033ecc29f92b7855309d83,Quran,eng
8f4e7c5f66d6ee5698c01de29affc562,Algebra,eng
47dcbd834e669233d7eb8a51456ed217,Music,eng
c6a240993d50011902f1048e95545f75,عربية,ara
1a78f5bfafb35dcba51f38917481fb66,إنجليزية,ara
b3db92e98fc166fd09b573b9b4055397,جبر,ara
2acdea7474cb3f47ae49358e64b6cc7b,كيمياء,ara
269b10c5f9927461583b39cd69e07ced,القرآن,ara
1c41561f2c32abae4c3fdbcd89ad4466,Cantonês,por
b722486e44630eb52626a08409a091ae,Finlandês,por
e57c6433535f29197eea342c0fa99685,Indonésio,por
24dbc52bfa088eaad28456a8b1eccd9e,Arabe,fre
0cd5930eeeea6e3edee6749d91b3aa05,Cantonais,fre
f558ae4a08959c6c239fceb77c144cb4,Allemand,fre
7280578e6a45fd916ed9431425289c9e,Latin,fre
9ceb546dadc0d722a84e0b62d6a81812,Roumain,fre
6051357d17917efb63edfe7691b109b0,Vietnamien,fre
dd4e4349c243bb12810564240facdb40,Koreanisch,ger
93ece5dabab7dcb550d8f81b3ae5b4d5,Norwegisch,ger
d84f5f223e29a650c524f38dfc137165,Portugués,spa
1955536e890ed6046f2592c699aad590,荷兰语,cht
3c90d01ef1437244fe68e7cda40c9015,ウルドゥー語,jpn
5c64b40c0c7d5e90d83e0a9bb98e88f5,ألمانية,ara
3025f3a70df2b7d590d11acb328010fd,Vietnamita,por
45c3171ef193c74b402f407fba9d955b,Hindi,fre
6a77de34cb21ce61732b71a27825c63a,Espagnol,fre
d587742c4a09821cfad10b52a69e0ea3,Telougou,fre
f8aa4393427c2f2fd010f7adc5812517,Urdu,ger
2f327580fa61447b4ef7af6b0ecdd2d1,Francês,por
319be822a88df6a7585360f99e2b62f8,Englisch,ger
36c60a229c66cc278467d85f29a0e4a5,Greco,ita
3025f3a70df2b7d590d11acb328010fd,Vietnamita,ita
4e5bf66076120955b354fb13ac96577e,インドネシア語,jpn
56d6a6dd023c2bd6359e08d685b2cf82,Датский,rus
f38748a944313bbd93a81a3f85790f17,صربية,ara
1ad91ef324d6f9f092254956dd06cdfc,Tâmil,por
055301c56abc82dd3a81ea3810ad0599,Serbian,eng
4279a4e3aa014ecf32b6d83cc8d441c0,يونانية,ara
7bc6f150ce738db3d21cbe0b75aea027,Danish,eng
04f605836f660d879bf3fb2b3643d16b,Lithuanian,eng
948c803c653e6a504aff58de0295bb3c,بلغارية,ara
573a82aa70c69ed3f5f7ed36472ea4b9,تشيكية,ara
b764a10d35bdaaca145d938d126511a9,فارسية,ara
92c0e510c5504217b33e9bf70b13dd5a,سويدية,ara
8102aece8fe578801296126f7115100d,تيلوغوية,ara
ae06a90622b0ba43c6ac1349d533a276,Búlgaro,por
67fba6ed6c55751e9a4bff72392f366d,Polonês,por
389962c9dec540ab28d04517e82c3996,Italien,fre
435f67d4bc1629590111d67773d2ca12,Coreen,fre
64be666e3f2b496b7303f46963b2e516,Schwedisch,ger
7d8fd21e770b9f0fd6f9f78e30fc640c,Tibetano,ita
67b3044a335192df45a6192fce46e4f8,Telugo,por
b8bdb0ac65afb74c71fb799bfbf078d8,Arabisch,ger
11fdee8f59d1e64558f1752d0eafa2a9,Griechisch,ger
a137b9aff152dde9995038dcfb29cc0f,Turco,spa
b1428cac39baa4712ccf858a7fd09776,阿拉伯语,cht
eaf7466f82fef51425be16bd49309913,Fizyka,pol
09e4eea15de6c7583ce9c96dbe36ae77,ベラルーシ語,jpn
2d30fdd2a49c01fab10c5271b5388480,ドイツ語,jpn
bd28ade7757c3153cf110f781b69989e,マンダリン,jpn
78763d8f7ddd73c2dd9bd95eb1974cf0,Турецкий,rus
a40471212901734c6f3ec46e702f91c9,Fince,tur
d0bdb3cde477d82e766da05ebda50ccb,Korean,eng
da550ca06bcacbd30b7c6ed32c864c70,Norwegian,eng
f8aa4393427c2f2fd010f7adc5812517,Urdu,eng
8581a684723aa7a3466768e1144c0a40,عبرية,ara
d123834fbb066c476be6c89bce8d47ae,تركية,ara
b8e6638101b46557c34be3b1167a3798,فرنسية,ara
add99bc16207251d2bc32a4d8b410fbc,Tcheco,por
f866400c31f3c7648da214e71fe167c9,Grego,por
84a51b36ba1bfbed5a86641b514f4b4b,Panjábi,por
1c533f71d30506d1822118e24d68b346,Eslovaco,por
abf56f2e38b26d79aba93e3aedad49c9,Línguas,por
e0fdf5c15c186157d8be6bf05347a487,Álgebra,por
275a856f57c32ba5a5a42d575c5f4d41,Música,por
8de1298434cca2229f0ef7799614477b,Croate,fre
798b32d8ccfebd05c7ca8e759dec83a8,Néerlandais,fre
bbc0294ce6177b932fad9c75af2b8563,Punjabi,fre
e7733389c419c59c3243e719055f83da,Langue,fre
7e22688e574d56e92a0671f540c4e076,Dänisch,ger
10c9ff08cb970a9e896e7df9d3eeaa20,Irisch,ger
5c13046c92e5ba6a7763bfda90f0ee45,Litauisch,ger
670dbf8ed552b6a561abb9173f77861e,Russisch,ger
e0afba42b200f3b79b9b9929d45aa0b4,Ukrainisch,ger
cf4cb25aace4506c577f238f40841de6,Koran,ger
03f7a766f22d9a88a729afd1d582fa7e,Bielorusso,ita
bbc0294ce6177b932fad9c75af2b8563,Punjabi,ita
8f4e7c5f66d6ee5698c01de29affc562,Algebra,ita
ba2eabdb6d89763a8f61bfd86b098815,Hebraico,por
22b41b8e2d7b8b80c76fd5c082f657b0,Indonésien,fre
d64cff5bf7142b4481accd79b34f15c4,Musique,fre
a33d5847852cce879b47c90734c4bd7e,Farsi,ger
3269f527f72c64c6f8f492be8bb514f7,Hebräisch,ger
415637cb0a9e561e861773cda6148ec2,Serbisch,ger
15b88a88e6cf16a4462c1562fdcb0c19,Telugu,ger
e323b8497ab81c8ea14e36cb52746151,Cinese,ita
c72edf1e7a17a0e930f8fad9a4381eae,Ebraico,ita
5e854e9d31f5afc6b6d2662618923200,Lingue,ita
0dea760cd509ec5e3397c542dcf49bdf,Chimica,ita
9f564ebabc9cf0b9589b4ecf6228379a,Khmer,ger
33c98fed061261dd324ffd388204927b,Chino,spa
216df59d4dca0cc05c7678221afc6c97,Inglés,spa
3cbc8d0a7497a131a3a0befe5d39d86b,Húngaro,spa
4309c5da669f29e9a49431017c900fc5,Islandés,spa
ff46e55c1733301a04c67c3934180a99,Italiano,spa
1c533f71d30506d1822118e24d68b346,Eslovaco,spa
1834c33868578413cf55905210598ee1,Indonesio,spa
9c6a6e2d4b4e842cb63f84e2bb2db137,Fiński,pol
9a03640c1fe148e229b09f5f7d7b58b9,Francuski,pol
9cabd34bd5460ab44097e375efa1a5b8,Niemiecki,pol
0f093679226cafe896537db2860f275d,Litewski,pol
cf4cb25aace4506c577f238f40841de6,Koran,pol
8a3599763a8c8beb3d82ed4f05db3c5e,加泰罗尼亚语,cht
52c1977ebe1d7404da8ee9c33ed02be6,克罗地亚语,cht
dfbd9374b7d55cb26f887b79b7337ad4,意大利语,cht
802a962854d01a8a533bb4b6cd8a1184,物理学,cht
916ad9b8278d78bc734c9422047b0357,拉丁语,cht
71fb42028e1da2eda8bbe662c21e928a,立陶宛语,cht
c345e827a1e3ef495eec5a59c84f1bd6,旁遮普语,cht
83680a5c503a603d9faaa8fc431cb945,チェコ語,jpn
d36f1007cc09526730045d60ceb10069,セルビア語,jpn
ef9148fdaa3af7adff47e003c3e3474b,代数,jpn
7e3413b173894003e787005e75292eb3,Физика,rus
9b7084d0afd1a5009d871f10ee34b3d4,Фарсі,ukr
f5d44281e5c06d65e3e7db9f376e9464,Кхмерська,ukr
5a88072ab2c953538b446ce7ee2e1739,Литовська,ukr
55fefb776412b497fa08c88fab3309f5,Belarusça,tur
22f4529b497af69de07000d5d410bcdf,Kantonca,tur
e1b3c4af440017e8eac57dce9bded6a2,Fransızca,tur
f59ff96755e011a236a737665e8ef3c8,Japonca,tur
326d62eb9b0123a22c03b57919b2004f,Latince,tur
a216d1efb899466d45165f2a9ebfc4bf,Slovakça,tur
d3f0ca205998361a121316f51349b390,Kroatisch,ger
5075658b937858e8d4d687114ef730f0,Ungarisch,ger
7619ddea1cab8fc1258f320ce6540e4a,Bielorrusso,por
1aca30cfbbaac249bf033d480f8e2b73,Norvégien,fre
1cb1de4f2fb42500a49dff67121030eb,Tschechisch,ger
cb629b20e24b90e7ef492c581674f594,Mandarín,spa
060989071f0641ec8861241315bb8b7c,Perski,pol
63a409a6e00a35cbd21ab80a915af9d9,土耳其语,cht
223ec1e8ed7e6a1dbcadea8a649101c2,Białoruski,pol
a49baa97696350c4952da7b49a0fe6b8,Tajski,pol
bbc0294ce6177b932fad9c75af2b8563,Punjabi,eng
8852f9b6d2b9018bafeb2f08effe9d5d,Chinois,fre
76c06512227f8cd467f0008c8ec68f39,Mandarin,fre
905f534bbe1842bdb27024f4d2faa5ff,Serbe,fre
f86cf2fe1af0ef903c6f0a39257ecfdf,Katalanisch,ger
073735b8e1a5bcaac499c2a3b17be832,Slowakisch,ger
267c27e3fe5681017588a60692926aa3,Fisica,ita
d4b399749c262681224bfd74575a8794,Indonesiano,ita
f3e5bd6bdcf510888a42cc8e08e001c1,روسية,ara
29b9982cba90d07ba6ce113440169460,Irlandês,por
9f564ebabc9cf0b9589b4ecf6228379a,Khmer,por
cc81a74f51cc6e4dd2b99547d52574a2,Mandarim,por
87ea6257a5a39f7e5f498221f15c4484,Norueguês,por
10fef620608967668bce27dc9ab6fe8e,Português,por
3f0a78ca7c38dceb3c80cce2adff3b6c,Romeno,por
9c463860f4067b08dd508433383815bf,Tagalo,por
900a14b115614d9d4d1c47f1d3a3251b,Catalan,fre
e0545693906575b04aa1650abd60faba,Français,fre
43ddc789bcea4177a14791f6c9a03b28,Thai,fre
fe371a229d93cf7a2c95050c42b2b30a,Finnois,fre
b0399430f7c3cf1a530aa9e99aab9212,Niederländisch,ger
4037f77713990c867a3c53066fbc4dd0,Sanskrit,ger
687de8dadf9e4a56d29795df00584c80,Musik,ger
f3eaa76be2565a4951619635a3fc1a84,Finlandese,ita
8671ae6107d05a90dbfeee76275f98c2,Islandese,ita
9f564ebabc9cf0b9589b4ecf6228379a,Khmer,ita
057b8b37b7702621474190969c03b6cb,Coreano,ita
06f82849bec50315fd076e3fd1dd9ba9,Sanscrito,ita
f8aa4393427c2f2fd010f7adc5812517,Urdu,ita
1d6c342290ba83f682b04c13a7fdc27f,Bulgarisch,ger
7d457c8039e16cb411694c384f381684,Panjabi,ger
57d99c3589cc22b26168bfefe470ca52,Ceco,ita
a33d5847852cce879b47c90734c4bd7e,Farsi,ita
72abf926c6675fa54d94c40a93abe37e,Irlandese,ita
7889ee8f21d4930408832b3ebfaaeda9,Ucraino,ita
bc88d8d372bed1e41cc832d731a9d3fe,Türkisch,ger
539c1447f44f38350f9083a347a476ed,Chemie,ger
71ede7151e7b007cf36181112aa9d298,Bielorruso,spa
7c5e037b592f11dc1e7e7d0f0dac2a14,Checo,spa
dbfb5354bb788d45c4c46b83aaf4edf8,Irlandés,spa
bbc0294ce6177b932fad9c75af2b8563,Punjabi,spa
2ab17cd2aab88452f06e1e8a6fe71f11,Ruso,spa
06f82849bec50315fd076e3fd1dd9ba9,Sanscrito,spa
f8aa4393427c2f2fd010f7adc5812517,Urdu,spa
d17d40d6340a10ba37358e8bdd1b16c3,Corán,spa
c88b33a3250b4e28f34e1ececba69206,Idiomas,spa
6e976219abea13e2f7fadc8987126fc8,Matemáticas,spa
e0fdf5c15c186157d8be6bf05347a487,Álgebra,spa
275a856f57c32ba5a5a42d575c5f4d41,Música,spa
a424e7e13d3ccb7bc48288cf97dbd434,Física,spa
3a1294a9af64c6f001a490dcb4c40e26,Grecki,pol
d0033788e612a4e0646c261eba804fb6,Polski,pol
81fad172ea5bd6d3b4a3c75becd277e3,Sanskryt,pol
d0180e8867c14e9d76ad120ffeb37458,Tamilski,pol
fc3c6837c5c90383d7e11a810708b641,Tybetański,pol
25cf96268eb2c53754ffd34dbe64e956,汉语,cht
2fee89597f21e89008b51804d2d93392,芬兰语,cht
467e43dd88a5b1084ce3611e45b593c6,冰岛语,cht
d43fa139601480d5aab013f9823354b6,西班牙语,cht
e81d2c5454d3241f1b391c6d13ecd140,Duński,pol
3f2c644b8a8ea4c235dab79751e4dc35,Węgierski,pol
0f76e2247148c03268305a2034e45725,Koreański,pol
b086b290a3ca4d8401a09e65d0b411ce,Muzyka,pol
3f1b355b4f999a2dbc34bf7df1cc44c1,捷克语,cht
ebea58b7574736b0d5caa277aafefcb7,ギリシャ語,jpn
a81695a4ef7c3bf88380dde363e728cd,ヒンディ語,jpn
2f263bd0cea04db47be19883cb396671,韓国語,jpn
a6e398346733fc89e830348d316ff2d9,ラテン語,jpn
99ca143b41f5473b4cf9fdfee850b475,ノルウェー語,jpn
7e70bb30d430e17395080ae80636c232,ウクライナ語,jpn
b5ae4398f3c72eb24080d95cf62139fc,化学,jpn
6ce0f58c41a9e64c89ad0a8ce71d5267,Польский,rus
6a0b26ec5ef71452f0103678bc7ba6b7,Пaнджаби,rus
5ca8125c8e0e25841408429112487094,Тайский,rus
0bdcad37b8409974288b1f78d6b9d62f,Болгарська,ukr
f5fe056dc214b85327930149dd5d6580,Пенджабі,ukr
057f4076a56d2fd2d44c78fe0193ce64,Румунська,ukr
919187be7de710e7cfb08d15efdbbfd6,Ingilizce,tur
37a7513d2098913fa931cce0af602002,Kuran,tur
786cbbbe3b089e9c2128d808e75bf0d6,Dil,tur
07eb6694ca0ede8864a0d39a17b6c411,Fizik,tur
0b2d7e481f87460469fe1937cccb0837,Kimya,tur
f7d7ed443a87ae4a1c4c6526a3c11ce7,Корейский,rus
f439e6eacdb843afa2b39bceff4513b9,Португальский,rus
f190080c128232250511c431d52e5825,Matematik,tur
5cdf81db74db90243e1fbe16acf463d2,Islandais,fre
05f8e87da64ab9ae3a16aa18b7ec51b3,Japonais,fre
4037f77713990c867a3c53066fbc4dd0,Sanskrit,fre
1c8162f5ce6d0dd50328cb1a5230c740,Ukrainien,fre
cda371792a8e564f310b48ba0004f5eb,Physique,fre
07353d86b849b31abe27254a5a2e9da8,Giapponese,ita
e59f4e257f1e2bbb14ad5da4eddb7e48,Chinesisch,ger
fee973126d42389ac96082e9ca6961fa,Tagalog,ger
246f8713780edfa800c2b15f73c0fc95,Biologia,ita
597565a099bf5ec422c07583ccf666e0,Griego,spa
45c3171ef193c74b402f407fba9d955b,Hindi,spa
057b8b37b7702621474190969c03b6cb,Coreano,spa
894ba3a61fc9ee2056fa623950bf0ab1,Serbio,spa
3025f3a70df2b7d590d11acb328010fd,Vietnamita,spa
9412167b956ffb8e6007f3e1fe10fe6b,孟加拉语,cht
0b4d995f8ba88be40eff20240f66843e,梵语,cht
9eb148b5f8c5c081cb18081b3248acf8,塞尔维亚语,cht
e3a273b99c902dda53a35a9895823567,瑞典语,cht
2cb33b4ecaa79011d21e7686030ba7f6,Włoski,pol
0d3c9bc1a826fd59d1825cc531c0b155,Japoński,pol
7170e71f001e0bb4e778f1576d5890ba,Portugalski,pol
87fb843a1f17be5aa998f4607d09e6bb,Serbski,pol
47a4f51796c4b048e27d6b66a7af02ab,匈牙利语,cht
671c0d80c3a7e623cebf280e33454453,日语,cht
a4b262ace7f54dd00c0636291ed15754,塔加拉族语,cht
ff46e55c1733301a04c67c3934180a99,Italiano,por
9f564ebabc9cf0b9589b4ecf6228379a,Khmer,fre
e94e4313f74d58ede50bfe8ece3a8bb5,Mathematik,ger
15b88a88e6cf16a4462c1562fdcb0c19,Telugu,ita
bf6c56085d5ba147fe0860211f201685,Sprachen,ger
14fdae984e530d95196101c05855fb06,Croato,ita
cdc99b34c383cc4dfce643342ac1402a,フランス語,jpn
112098b04bdb641bac711cb54b9b14f3,Латынь,rus
13ee4b10be88b7bb86970cb9155cea91,Тамільська,ukr
199668c106149565ee037c24d5246cce,Latein,ger
e0775193c1844133c9b9627d86acb704,Vietnamesisch,ger
0586f758b9db2b6e37c91b2994a9ac65,Physik,ger
784b1eb7b30a092f41cc447ef3c1c9f1,Rumeno,ita
f0670813020969b39ff8d85744b40400,Tamil,spa
28b2303b8076d780e67d2834d9657013,Norweski,pol
440dd9d23c121d6edfc310ec6e2410bb,Khmerski,pol
8f4e7c5f66d6ee5698c01de29affc562,Algebra,pol
c54ba865dc568470026600f0e8811668,代数学,cht
a3600cd0727f48307c971a537a3b4af7,Коран,ukr
cc3ba7f69f1dfbb4591edc3b44947759,Lituanien,fre
93112b8e4638a7c5bc40e730701cc855,生物学,cht
5bdd12afb4c6d130e017f3c5265cf8e7,アラビア語,jpn
40c15ef2b8ab811e5aa6ccffbb05edf0,カタルーニャ語,jpn
1e645cea1dc60628c83078963431dbca,中国語,jpn
3b166d78f398e8848ea31e17bbae632c,クロアチア語,jpn
180da47d0a265268f131362770521ca8,ペルシア語,jpn
16bc0d5d10380eec2064efa4558a8c64,ヘブライ語,jpn
00110af8b4393ef3f72c50be5b332bec,日本語,jpn
1169be50f15c7f1a87781f26c2e68cc3,クメール語,jpn
b050425c95ef1c7a13d789c4aaec1d1a,パンジャーブ語,jpn
58c0d17aa2e79361a860c283c520d1ae,スペイン語,jpn
802a962854d01a8a533bb4b6cd8a1184,物理学,jpn
7aa96302d1e099b4a80a8279de65a686,Белорусский,rus
89ba0b437be6e7e9157bc7ed4645cb49,Кантонский,rus
80c989082027f12396a9d9b2cd72686d,Чешский,rus
be5124399fb0fd7ae8dd529ebf756518,Греческий,rus
f805afe3c465e46b2f608786fb3c6bd9,Японский,rus
edeb4ada2139e7493b0bb01674bb1f5d,Литовский,rus
eaeaa65ac9b1e4eb778bf7f28652cfea,Румынский,rus
83341c78710e9dffa561e3dced1f163e,Шведский,rus
f3767d6d43c775807606371c5fc47162,Биология,rus
cb7b2081866b0f119e670c4dcbce0c12,Арабська,ukr
8b092b99eda6d4746b5cd7aaa7cefe0b,Каталонська,ukr
320bee0f982d77c91a0bbc3ad6d86a2e,Голландська,ukr
193ab18b02814760be1c7367b7b18ef0,Англійська,ukr
c3cd33231cbdf9a2b8bfd8083ac2a9f7,Німецька,ukr
56fb10dcde6ba05de255833cc98fb225,Хінді,ukr
e0db3893c0aa6b78e29ad5b0b2d6cc05,Угорська,ukr
38d385b68a05c3ef1ab5af49365fb921,Португальська,ukr
c37bde9e2be2ed3411f69437918ad02b,Словацька,ukr
61bc379dff6dff944ee7f78f4d17cb1c,Тайська,ukr
8d5e4bb38aaad0f19bdb5886d37e6def,Тибетська,ukr
5d9dacf13e6de2feb2e7a63749384041,В'єтнамська,ukr
d9bde24be94e101a5e6580c83480c25c,Біологія,ukr
feaa07dace649850353ae46ade5f34b5,Фізика,ukr
47bddfc38927f8dd9de8d50b57435eb6,Çince,tur
e2be3813f0123784412c3bf67bd6896a,Danca,tur
cf6afa0a7c4d2c44fb73d57cee7e6af4,Farsça,tur
284a994cd93ba11dff2de4570fb99927,Ibranice,tur
66d9d731fc8863ecd1a194802b5cfd7b,Izlandaca,tur
1b45c8654d8b93c14e08373fd2967bab,Portekizce,tur
f6eb0bc1a7bb1ac6dc6ff62093a233c3,Ispanyolca,tur
6b0393f442bf28b0f18effb98b303665,Isveççe,tur
80a07fc3514403a956d486dbaad05aca,Tibetçe,tur
0f8c9411bb68eed8e4888cfea3d9f16b,Ukraynaca,tur
019f2752fadae1802d02ef05f1f0e9cb,Biyoloji,tur
0e9afd49789f899d95f29963c249a450,Müzik,tur
d4823970078993073571d22364fef7d7,Корейська,ukr
65c1ec8dc57d387c41abdaf136e3bc65,デンマーク語,jpn
f309b9d4574ecbd6baf7bee39f6eb9fe,タイ語,jpn
6f7e86adb01fd3fa66c2ae922d087aac,Немецкий,rus
f78d36ef5966dbf46c00225b0a711319,Венгерский,rus
c54b8d30956c9d9b7f01e22f2068a1f5,Тагальский,rus
2fbc78e4ba16c44ad0feef761d97b160,Хорватська,ukr
d0abb228195d592c976c38c0119250a7,İrlanda dili,tur
d5529d93c2f2713e1f5c03f3d5bc5e0c,Rumence,tur
a3600cd0727f48307c971a537a3b4af7,Коран,rus
8418cd92bd1825a3b622c841d82bface,Chiński,pol
859da3993da5600a292703b1a52d692a,泰卢固语,cht
df4e02cf420699f7f5c9bd2d8487c44d,タミル語,jpn
8d96a217782e15bf3498b312c70c7c50,Хорватский,rus
142d3cbb0de305cce662017571012276,Ірландська,ukr
cb4e35daefd4eb43abcc170552feb568,Алгебра,ukr
15b88a88e6cf16a4462c1562fdcb0c19,Telugu,tur
95d558b3f3438507c8a16f81c6ec2932,Urduca,tur
5bfa58449cd3f8bc5cd918571c2e18ee,Фінська,ukr
0a6de4460095f398e8a45ed512a7538f,Belarusian,eng
60bb3bcc6ff535428a38f76f1059b2d2,Bulgarian,eng
8bfd003df06f6c6cd28153e00edfc93a,Cantonese,eng
900a14b115614d9d4d1c47f1d3a3251b,Catalan,eng
3b261136e3c33f35e0a58611b1f344cb,Chinese,eng
68bf367e228f45ba83cb8831a5ee6447,Dutch,eng
9ae099fd082267fa2f2f85664a4f74dc,Finnish,eng
0aafa497807d5ac9b509656bd13b5283,Greek,eng
efa7394ecaa7fc7076a9da13a77236b8,Romanian,eng
f0670813020969b39ff8d85744b40400,Tamil,eng
15b88a88e6cf16a4462c1562fdcb0c19,Telugu,eng
43ddc789bcea4177a14791f6c9a03b28,Thai,eng
a441f933e0026f55ccff38b534f98a53,Tibetan,eng
05ec7e67745bb2e0f0b8baaaab53a422,كانتونيزية,ara
2bf4f531753fc32e044faccf0b07bb4a,ايطالية,ara
0ee957d9c8aa57c6d47c9c47a7b8e1f9,رومانية,ara
ec996beb7055f1bad572debb40bc55cf,الرياضيات,ara
9470ddec893781ea65f1a2b71ae5e01c,Biology,eng
cc1c9b57607b4439578b68074a5e2d80,Indonesian,eng
2e4a15c2a33a199fe8ec4a8b2cde1bdc,بيلاروسية,ara
a63d3ad6d8e51b19bb9c4a7568bbe0cc,بنقالية,ara
de0ac0d688aa6d9e9af06eab3b73fae6,خميرية,ara
3db617cc4a72439c2921097197b38398,لاتينية,ara
f32ced6a9ba164c4b3c047fd1d7c882e,Japanese,eng
c82e9c31cbd66420582d4af2318dc4ff,Dinamarquês,por
3cbc8d0a7497a131a3a0befe5d39d86b,Húngaro,por
b82673617c50d2c2b79893656315994a,Anglais,fre
2452693936e8684db0b9dfd504f198c9,Danese,ita
a33d5847852cce879b47c90734c4bd7e,Farsi,eng
c6c1f81a46666385fa7d85df7eaf8763,Hebrew,eng
7280578e6a45fd916ed9431425289c9e,Latin,eng
e2fbbf9af2e11ba216737e054dd104d2,التاغالوغية,ara
b68c645c2ff59fe76069af7879dac6a0,صينية,ara
61477b834f831ce8840b23c264b30875,هندية,ara
a6727b1d7c7061c9dc04b95fb2691ef1,مجرية,ara
e2897289949fceb90f88ca9e5ca62ccc,اندونيسية,ara
c840305b53244bb533b80b07fce306d6,كورية,ara
c0657b739fdce9488ea458d57e96789b,تيبيتية,ara
4ef88329965d99db469751ad439dc7c9,Inglês,por
0caf2e93f0fb8f0ed4cd4101768c228f,Islandês,por
afd5da09f6e7f349e6036181d8eb42e3,Latim,por
bb7ad5d216e53781c41e59c565192eb3,Russo,por
a137b9aff152dde9995038dcfb29cc0f,Turco,por
f8aa4393427c2f2fd010f7adc5812517,Urdu,por
bdca469f0a21435d2d2a030df8259883,Maths,fre
f8ccbffda9d1651385e0e5ae9f184b91,Chimie,fre
8bfd003df06f6c6cd28153e00edfc93a,Cantonese,ita
0f814fe5bf4d3ce4fd172029287bab63,Cantonés,spa
1974c3b70e0e632159352458dcbb9a50,سلوفاكية,ara
9bd9a68a77db2c9613d0283f77d69c78,Polonais,fre
6826103acdad98b35e4f3eb65d7a2958,Spagnolo,ita
c8a62b7a73a868e66e12c8993766626f,Norvegese,ita
d24e050226a7529d8a5271913bf11569,Musica,ita
2b331a680aa95aa184554e544bc3000b,Mandarino,ita
a56dcb8443c25f8e14b47b8ff1748331,Bengali,spa
ae06a90622b0ba43c6ac1349d533a276,Búlgaro,spa
246f8713780edfa800c2b15f73c0fc95,Biologia,spa
2efb69575923527a71cfcfc829a07e72,Bułgarski,pol
23848d89797c733c7e588d400c3b97d3,Słowacki,pol
60634ad6f0b2b123ae638de94a06285c,Hiszpański,pol
246f8713780edfa800c2b15f73c0fc95,Biologia,pol
110b7ce1d9c37cbb58cd1f612f1ea8f6,Tamilce,tur
60923b534bd6546d6c6ae3919bd098ee,Latino,ita
fea966741c6513f45da04bb611068c2a,保加利亚语,cht
c730389bc8d99e59c867766babdd48b5,Polish,eng
cb5480c32e71778852b08ae1e8712775,Spanish,eng
0bfffccd1eee48b54079a946025bd298,موسيقى,ara
7b86112ec6401fd8f06ab5251d1a68fe,Hungarian,eng
4037f77713990c867a3c53066fbc4dd0,Sanskrit,eng
cf3d1bb398b41f314a2887c14abcfa8b,نرويجية,ara
4db208d47a37346d89288ac423b82236,Rumänisch,ger
a49950aa047c2292e989e368a97a3aae,Math,eng
84cf6008945c9b558ed7c0869557b70d,Chemistry,eng
a19c9ba997aa355cbd663d11008b9647,كاتالانية,ara
aa7365e5b7fe71556f76396b08976acb,تايلاندية,ara
7d08370b5e68d1e6e200a331e0632440,اوردو,ara
5a2286bc3ce290757c5defa6e8f46edc,إيرلندية,ara
d75437408b478b5c3e45ccd72f7619e5,برتغالية,ara
681f7667f427d15da9856ff88f6d3914,تاميل,ara
632e68388327e32ca5677759c60dff50,فيزياء,ara
8ead536bfe544143a689b16c2b3fed75,يابانية,ara
45ce219c36380b36aa51ece12d096935,بولندية,ara
614c6d974eb86293e09557335a6aff47,اسبانية,ara
9180ba6dd8d09bed2237e2255f8c01d6,فييتنامية,ara
fc577772b57711f3e5b0ef0c1b35d298,لغة,ara
1ff25887b503d83ed9589ecaf686c17c,Croata,por
414125f264ea4e96c5b1de99fc699bec,Persa,por
1315f6c92ee74c5484064694215e16c8,Alemão,por
186bc28a10c8c1ca736d0678bce66e38,Japonês,por
eeb9dcc7a721918b21d47581e0f88ddf,Sérvio,por
4c00162f37c68542a6ff4928b0a54ddc,Espanhol,por
fee8a3968fbb437720c6362d6f308367,Matemática,por
7da64a90874539d17eeeb369485879f7,Química,por
2807e8ae034d43871d2b335b1345ddc0,Bulgare,fre
627405da66594a8a206b986e8121bc78,Hongrois,fre
a5f74ab117d213c763ef9ccd6d328e8e,Tibétain,fre
2785781c461d1642b2363f96b2523e50,Biologie,fre
891d281b80da35f20692491d6a037c31,Suédois,fre
2b2a57800a85d9acfd1ac092779be810,Kantonesisch,ger
98abac87aa99030b87b97fd772f08aff,Portugiesisch,ger
c224e33fd81ee0d9f5a85234df69e6b0,Bulgaro,ita
ff46e55c1733301a04c67c3934180a99,Italiano,ita
e8816bc780c762b71b1d5f9a073ed761,Corano,ita
bb7ad5d216e53781c41e59c565192eb3,Russo,ita
7d6a8fddd89befd0f30f6dc109628d1a,Finés,spa
1c7516a82280109017bce379ce3c3424,Chorwacki,pol
5788ac84372087f9f7196d376bdcb8d0,高棉语,cht
fb1e00d34bc5c45e52ed7567e23d0652,بنجابية,ara
28eaef4373eb8a1772a913be573b8f93,اوكرانية,ara
96acdb98fd5ac1b340eaacef30f2b444,Catalão,por
f933392cb97a8f6be355d780f23eb9bc,Holandês,por
5966cfe7a7bf2ae388f4ddc75ace678b,Sânscrito,por
13f3c09d135355b482fb2dd0e86ba115,Ucraniano,por
df6ec13a24cbb0a7d7375f8f92523fac,Corânica,por
a33d5847852cce879b47c90734c4bd7e,Farsi,fre
b0644619aff8e7ede33a8ac59d9f59ff,Slovaque,fre
fee973126d42389ac96082e9ca6961fa,Tagalog,fre
134148809538e5ba219e5f5c7f3a85c0,Turc,fre
cca52d8b1b5edf0e4abd34db498ed560,Algèbre,fre
94eca04b29215e05a428b6e313954980,Biélorusse,fre
5e09c6ff9e1e04ac892df8ab2e54f193,Grec,fre
1df38244440a25a0e51e5095b8d10738,Italienisch,ger
885b026cc35dc6a9ba80b4677416b6cc,Inglese,ita
45c3171ef193c74b402f407fba9d955b,Hindi,ita
5f7ec9fd3d1a9a8cf561e0ebd3d84a64,Árabe,spa
b4f8e106bba2164f7fed5815b214a4ec,Französisch,ger
8f0ca2185f684aa4edeae4b25a65239b,Deutsch,ger
d05756b42c92bcd38e11513f6cfbb8d3,Polnisch,ger
d961416d60a912b77d56ea49907c2fbe,Spanisch,ger
86fcf10b7909b61972938bf8dab855ae,Svedese,ita
a137b9aff152dde9995038dcfb29cc0f,Turco,ita
75357f6288b1eb7180e56d572a16a0cd,Francés,spa
b485fa51fd73235494838050ccad96b9,Polaco,spa
de92bbe05815c4eb756acb5897baa99c,Español,spa
29d7ee4e925ae2d639bab57a8ca34860,Sueco,spa
d33e7030eb18df54206eb794d6d47c50,Tailandés,spa
e89db8386a805df3b257336c8a996d4e,Kataloński,pol
3a4e0b11b8e9f7cf29b80f280e63104c,Wietnamski,pol
57d64a3bd4ad62d30b0c7ffcf890883b,希腊语,cht
bf3c5b2db7810d3581f67a87b85a300d,韩语,cht
fc90967904efc31899f886851e957642,俄语,cht
ca6b4e30600fbcb94250b9d9071a57bd,Kantoński,pol
e09213dd65ad4c4a9c4f251d2cb6816f,Holenderski,pol
9b3db40cb1291d99a344ac1feb6b2fc8,Islandzki,pol
ef226eb16a2c9b83da588001ef87f161,Matematyka,pol
3e2466ba6c87f878a8de3eca1f62e007,フィンランド語,jpn
b1fbd41ee405a1a11b3f6ffa951e75b6,ポルトガル語,jpn
eb6058167e7f75b3b32ffe870cd3ab53,Арабский,rus
7bac06d31b9826fd5836340e389ab144,Ирландский,rus
296eb9499f6a1496c2848104dc6c73b5,Итальянский,rus
6a9e6a060658392e4f90465cc9055475,Норвежский,rus
d272af36993345e6db4e9d0d0df26983,Іврит,ukr
339c9a8e1849a1a9455c865933cc26d7,Телугу,ukr
def052c2950fc43c5d1aa87444786f04,Italyanca,tur
f215c887a8ca1929014f3551fc7541cc,Кантонська,ukr
b12305b07f252aa0349c1fa3efa6d993,Иврит,rus
cb4e35daefd4eb43abcc170552feb568,Алгебра,rus
e48ae40d02ed2fe3584b003627080858,Hırvatça,tur
e040caa8eb657dcd5620652df3bb4431,Lituano,ita
45c3171ef193c74b402f407fba9d955b,Hindi,ger
43ddc789bcea4177a14791f6c9a03b28,Thai,ger
240c83491e8c44aa21f11069d5e3d862,Alemán,spa
e040caa8eb657dcd5620652df3bb4431,Lituano,spa
4145d4c179e1aafdb5a0295da9a82d42,英语,cht
0d7a29f3631dda1b1a881c79b4803563,挪威语,cht
4f4ac7718d30eb4d384c8ab5a7844829,葡萄牙语,cht
88ee569df9c3d8653b2485492ada9c40,泰语,cht
deba6920e70615401385fe1fb5a379ec,Russian,eng
419d976f266893fd9c9315a06bd58382,آيسلندية,ara
29d7ee4e925ae2d639bab57a8ca34860,Sueco,por
143cf2ae9ccd4e43f35847f98526cc2e,Tailandês,por
a424e7e13d3ccb7bc48288cf97dbd434,Física,por
d03e9af1bfea50dd434a647a95deb9ca,Coranique,fre
0685267c8c86ee6ddf46ed189a016391,Finnisch,ger
aac434f3ef0ae3e5102d5b5a5193b57f,Indonesisch,ger
cb98579f96d8f57e777358567d3fe678,Tamoul,fre
a56dcb8443c25f8e14b47b8ff1748331,Bengali,ger
1f36406e0986cb112139b0851c3fde9e,Isländisch,ger
fee973126d42389ac96082e9ca6961fa,Tagalog,ita
9accc467b159e7ce158e53209c0cde2a,Slovak,eng
c4b62e3199f826d8f664336b0d07b44c,ليتوانية,ara
45c3171ef193c74b402f407fba9d955b,Hindi,por
057b8b37b7702621474190969c03b6cb,Coreano,por
e040caa8eb657dcd5620652df3bb4431,Lituano,por
246f8713780edfa800c2b15f73c0fc95,Biologia,por
69a1eb07a1e69c8056137a739fca5034,Hébreu,fre
292fba65c6fd3610931fb93fd1b012e8,Portugais,fre
a907fe2d0bbcce49fb9235b8687989ca,Ourdou,fre
ea6ce7f5b835741a8040f7a7df24b961,Japanisch,ger
8f4e7c5f66d6ee5698c01de29affc562,Algebra,ger
56445f5271a92724cb8825c0fb0fd18b,Arabo,ita
179415938cac3590f5b2ca595334b01b,Bengalese,ita
ff7af4339c2a53f7f291e07b172ca32d,Catalano,ita
39418c2dd52b498f865f80b0e1cb45b5,Olandese,ita
b75b327900f64866a785d2199c3b4179,Ungherese,ita
dd42c2d8e06082222d3414b3fa819376,Polacco,ita
041e2e4b3149a82e86dbdcb5f018d607,Portoghese,ita
5f7ec9fd3d1a9a8cf561e0ebd3d84a64,Árabe,por
a56dcb8443c25f8e14b47b8ff1748331,Bengali,por
625ae85cd039134be30484d117033b22,Tibetanisch,ger
093c69933a334289f844969d2696f8e6,Francese,ita
f0670813020969b39ff8d85744b40400,Tamil,ita
62a0d23183b09217659b5ee8667619f0,Tailandese,ita
811bc451c8604454a818bc68e3ed5de0,Danés,spa
d8a9679f8e44b4f9efee54b74c32e24f,Holandés,spa
a33d5847852cce879b47c90734c4bd7e,Farsi,spa
6a5b05d44ec828c654ab9fc6577df9e6,Hebreo,spa
f333aa2b79a31803055de004bbe40268,Jemer,spa
557c21b928a7c2c5e91c3395df405dd4,Latín,spa
8d6a8cdf9b2e593aab0592557e3386ab,Noruego,spa
7da64a90874539d17eeeb369485879f7,Química,spa
c8ca34181298e2d6ba1981239573a24a,Arabski,pol
52ca99b7527691bc2d99ed6a1c348b56,Irlandzki,pol
f92382482ba2949737c731aaaf72b7e8,Łacina,pol
1976235c7093f5ce9ed41a23a87020f3,Szwedzki,pol
9c5b63c17e34f8de036e6e3af49f09f7,Tagalski,pol
dda65538c72ff7541aee4046ec6dc2a3,Ukraiński,pol
f8aa4393427c2f2fd010f7adc5812517,Urdu,pol
226b922973fb456c5f44e98500106c9a,丹麦语,cht
bd7942fcf57f6c8d50a9a387d68b8ff6,爱尔兰语,cht
b13d27beef1750739879aa1b272a597e,波兰语,cht
9eff0b336e36fc121624725331ae65f3,乌克兰语,cht
b5ae4398f3c72eb24080d95cf62139fc,化学,cht
30f2c1821305e682f0828b5293c7117f,Rosyjski,pol
a9f4df3df65a9c2a89e90fa0ebd40966,德语,cht
e58a33c0b7a897780e04e024798b84b9,印度尼西亚语,cht
2f99f2fd6d5ddaff714be23913643260,乌尔都语,cht
57e3fc5d9c166cc6a79b59835e5b376b,斯洛伐克语,cht
c33af0ce34ad18279355f6544b823e6d,オランダ語,jpn
d33b89482ee77b27242dca78e5a01947,英語,jpn
f27ad101dfb0f119c5bad395d59a7baf,ハンガリー語,jpn
e7d5dcbcc9064b69ea5330e7b080737b,イタリア語,jpn
67980f1d21b34b7494d97206bbb52f01,スロバキア語,jpn
09be680cbf59ed4da8c70f9514bb1c54,スウェーデン語,jpn
42731cb9f1be19a7c3d5e001ab1e1610,タガログ語,jpn
d4fb144fd3d853fe33b062aeb2600700,外国語,jpn
6e65831863dbf272b7a65cd8df1a440d,数学,jpn
93112b8e4638a7c5bc40e730701cc855,生物学,jpn
db46862e96e64ccf830089fdf0f3b58a,Китайский,rus
c43a732f98216455af0c06320b8b6014,Французский,rus
b5844023d8a55ece8369670865ff325c,Исландский,rus
6cb733cf413236c79e910a1c3675da58,Тамильский,rus
f00022b148e9906295a159edc63f8e03,Датська,ukr
4e75646608d664765f2faf76dafd6b38,Санскрит,ukr
e1c319e56cddb033e36ac4c1c92fc996,Українська,ukr
eb2db077f6d3f15985121893023a1351,Мова,ukr
804039c9c2cc5d5b969b7a50fee420a0,Bulgarca,tur
59ca1b9735fee72783bb65945ba43ff2,Litvanca,tur
76c06512227f8cd467f0008c8ec68f39,Mandarin,tur
22333dfa31f6691d2f0b3ccbe08edc78,Sanskritçe,tur
8bbea606b49cd971976b647d0413c189,Мандарин,ukr
5be75458d76f4b244597d7c04f0c23db,Російська,ukr
f31bf2eaf170c5c1d0832a6ea7a90de1,Урду,ukr
f60917549f18ba385171dd80567ccd1f,アイルランド語,jpn
6614f12aba7c06285e4067c518f9d69c,Chinês,por
d09d35ac4450c103332b5bd1f2b5e9d8,Irlandais,fre
0f87a15c3d07e465057778ee8119547a,Russe,fre
2785781c461d1642b2363f96b2523e50,Biologie,ger
d31427741a8ea33e03d1f4b046df7fe0,Matematica,ita
556b72c736a95cf0df525527a236a079,Catalán,spa
1ff25887b503d83ed9589ecaf686c17c,Croata,spa
7d8fd21e770b9f0fd6f9f78e30fc640c,Tibetano,spa
13f3c09d135355b482fb2dd0e86ba115,Ucraniano,spa
b22cf9239f672c746fae264780384bc9,Czeski,pol
0f21085d0c536278cc8166473b39c52d,Angielski,pol
b8f7e8d10c9cfdff4431ea41dc505129,Hebrajski,pol
ce04b761a7fc2599401650364bbb0ae2,Pendżabski,pol
15b88a88e6cf16a4462c1562fdcb0c19,Telugu,pol
8607ec08342e49e9ba1ed862b6c33dc9,法语,cht
ce8e8c301357e5f059cd6db8fb076303,希伯来语,cht
788c8d39240cfc6ed9b55bafd70156f8,مندرين,ara
a56dcb8443c25f8e14b47b8ff1748331,Bengali,fre
7df6e57a01c9e2ed171eebf1e2879102,Tedesco,ita
5dc6645ba15a5fdb4ef64f43683d2489,Rumano,spa
50645992ebdecd8b6ff7b2cd3eada5b0,Mandaryński,pol
da94ef5911683fc65b9cb2a6167a1eeb,Język,pol
fafef910e155851853109768a0912b90,チベット語,jpn
f029a59a3bebd692e90123e0b3611bef,Каталонский,rus
68fa6e15082948ae91ad2c05b10cb0cc,Испанский,rus
e6daa6763163e14adf74564b71814ecc,Тибетский,rus
433b3feb8356a6dc4fc4b434a8cfe45d,Індонезійська,ukr
5c05d51a6bfceba00b7a50ab649f32b7,Музика,ukr
ee49179ca0da33a72e93f5f369b3e18d,Endonezce,tur
9703ca4edee334374f5905fb6b332c7f,Tayca,tur
9f45f817c1d611a5c4825042ef4ac65a,Vietnamca,tur
1effab68ab5cfd1316ebc58eeb50db81,Кхмерский,rus
0660a7580aab0a3ddb607d7a7b68ee58,Музыка,rus
298004a2ad62e92eb41269cab6cd11cd,Sırpça,tur
b0adfd7d548899acb6bab67afc1a7c1c,Danois,fre
a019878b75ca0eb9c4b3971bf57cd95c,Weißrussisch,ger
f0670813020969b39ff8d85744b40400,Tamil,ger
3d699e78a37a7b373192078872a1f35f,Slovacco,ita
9c463860f4067b08dd508433383815bf,Tagalo,spa
15b88a88e6cf16a4462c1562fdcb0c19,Telugu,spa
fdc6c3776bf5f5f1ac4422e2ba59f379,Turecki,pol
b2f4c7c2c2d3f7874a6cc0ef6cb056ec,印地语,cht
d228df62fc0c87e3d19919e0d7372123,Japonés,spa
45c3171ef193c74b402f407fba9d955b,Hindi,pol
3f9a408fed97d9602dbb136388c7e7dc,藏语,cht
8a5f8bac18206b82632c2e34810f3aa0,越南语,cht
6e65831863dbf272b7a65cd8df1a440d,数学,cht
95521bb744463633c858cc50abb44e7d,音乐,cht
1bd0f66dc3379db8b49a5ba94e4dd053,Bengalski,pol
64520d1047f6ef256f7a45746a182c3b,Indonezyjski,pol
115a42e56afb5626c2feaeae71651ddc,Rumuński,pol
b3d0a557fee93ea4c19674f36f75e02d,白俄罗斯语,cht
1ad680d133dbd5eb35f8c0221181dd14,波斯语,cht
5917ac0fed992894bf77c673214f1d07,罗马尼亚语,cht
bab3efc76e877b38457861d222f476c9,Chemia,pol
3c8be5a663aa68a19a51093f6c21bb4b,ベンガル語,jpn
7a86b18a064311f2182adffbe15ca225,ブルガリア語,jpn
22640d82142b8dced863937ab22ea330,アイスランド語,jpn
1f3234cb2cdff79b63903986160abad5,リトアニア語,jpn
39eb55fd0fb831632823bcb9f0b12b99,ポーランド語,jpn
c45af2ec0e0a91025aa736b80106267c,ロシア語,jpn
76ad2ac1f291deca8cd8781a7cbca3ec,テルグ語,jpn
1f6ca3b6f769c9ba3722ad8985c0df6c,トルコ語,jpn
5c03a69e92976c23634e6d41dec4ffbd,ベトナム語,jpn
54ebb7aa3fe37b84051275bcd941da0b,コーラン,jpn
c854b56713421d4669804b35a4e084a5,音楽,jpn
84054116d212888bd8e863011e311974,Бенгальский,rus
8abeff7051a0ad0ddcf929b66c2d467a,Болгарский,rus
4a324af90e71a4cf6d2ce865f8e64bc1,Голландский,rus
a6bd5ffeffa6d5312ecb3ff52d797ef4,Фарси,rus
c4b877421d0a795798d2bfee8a3c5ba7,Финский,rus
278854f0a2c34117c4a74cace2db069f,Хинди,rus
8dd7e5cb9983c168aa5223833509e4d9,Индонезийский,rus
4e75646608d664765f2faf76dafd6b38,Санскрит,rus
095a3af9c78e53085816fcdf78b2e28a,Сербский,rus
41655ff93f54311dfa8fcc8cd89f1f93,Словацкий,rus
df2ae9ec66690f62976f700862224fba,Вьетнамский,rus
660566b3b9d151ab72f1c85d4ff65357,Химия,rus
fbb89fc2d3b04ec2dcae735db4892ccf,Білоруська,ukr
33fece97c5c69dcbc7403d4f7684ee37,Бенгальська,ukr
b43c07ac543cf4bfb2e9a8f784243011,Чеська,ukr
095d42fa3cb78ecdec67c38d177e78f2,Французька,ukr
7c67a2ecaa6e042d306f4cfbf281f643,Грецька,ukr
983af9a9c11ab757ad74f9527488c6b6,Ісландська,ukr
796f2820a0950b362f805e2cd952a7ff,Італійська,ukr
ad84431a91cb0e0b3520bafebd81f991,Японська,ukr
57fe7becd7fc891a65ffebd9489973b4,Норвезька,ukr
462f8969328210d461f91bff37d9f468,Польська,ukr
c41e9b0170f741c389f3e2e56ed2ffc9,Сербська,ukr
3a3f2b99a71a259f4844258b7b3550c2,Шведська,ukr
6d36f6c5d09c67bbf4358fdccfc04194,Турецька,ukr
32ae3aeb16420ec059b2a21871807e60,Математика,ukr
98235fc42422238f18b6bc6c1d029944,Хімія,ukr
b94e8688c68e7a9de41f10205f97a3bb,Bengalce,tur
e4bd3246f08069327e6edaf35da9980a,Katalanca,tur
6a62ad0b7105935c7b9226c0059d7204,Çekçe,tur
7bb671a30f5e7da82b314548dcef88f2,Almanca,tur
5666a85370ab268cc5211c746eb3e3ce,Hintçe,tur
082f079ee485d35a6a854c58b3c25f2b,Kmerce,tur
724f67e27c7c4afbdee23a4b034530b8,Lehçe,tur
1c18dcfb0372b0496114bcca1161689a,Rusça,tur
299adc59f3d9a0a7f04e21d372df8888,Türkçe,tur
f1d82b82ea069ad9b0abd282de85e754,Тагальська,ukr
346afd21d7325b44368e43a75cd3d328,サンスクリット語,jpn
8bbea606b49cd971976b647d0413c189,Мандарин,rus
a5c072fa947c0f5677a599b14f3fd48c,Русский,rus
339c9a8e1849a1a9455c865933cc26d7,Телугу,rus
0577df9ad7a2256702cd04371b2abecb,Язык,rus
32ae3aeb16420ec059b2a21871807e60,Математика,rus
bc9fd116d934b4f4fa0bd1c400dc3afc,Китайська,ukr
bcd23b9260c1429d74591be7e105d62c,Іспанська,ukr
04e99c5a21e9f863a8ddda2277fbf828,Flemenkçe,tur
f474800981197a21d599e6f77f7daf44,Macarca,tur
b883ce08825e26a737d07b6ebeb8f50b,Korece,tur
e1bc2334970986d962337e75f3ab5bd4,Pencapça,tur
ac9a9d44857e53c0ad1b22370a8c318b,Cebir,tur
c344eca3cdfcbc8f5960532dc2c0c0b8,Norveççe,tur
ba6f8f79ac79aeb19a1a97d56e38c06d,Serbo,ita
f68e622d98105bd32d7d2b8000d80a6f,泰米尔语,cht
c93d0c206a3e92679ae7282eb08d756e,広東語,jpn
2fc82ec2fe63cc8be03531d77286c607,ルーマニア語,jpn
6ddd60c89784c0980e865472ad24ff5d,Украинский,rus
3d8f8c3a810842b1da5a981bbfd5cb87,Arapça,tur
9321aedc04310439d064dbe6b6a0f0fd,Английский,rus
5162706b148f0bd269b327e2c27580da,Yunanca,tur
6251d92cef35f90c1e0ffd2f696363f4,Латинська,ukr
c9759b68923782403431dc94a3fccf3b,Tagalogca,tur
f31bf2eaf170c5c1d0832a6ea7a90de1,Урду,rus
